LV_grid,LV_osmid,Nominal_power_kW,Thermal_capacitance_KWh/K,Thermal_conductivity_kW/K,COP,COP_0,COP_1,COP_2,Temperature_profile_name
1345-1_0_8,1,8.60670832,11.333333333333332,0.2105017318857272,3.49,5.6,-0.09,0.0005,LAC
1345-1_0_8,3,26.96991847792105,65.5,1.0182974101562754,3.49,5.6,-0.09,0.0005,LAC
1345-1_0_8,6,1.39226164,1.8333333333333333,0.0306083282086563,3.49,5.6,-0.09,0.0005,LAC
1345-1_0_8,8,33.455051547039474,81.25,1.2631551843541584,3.49,5.6,-0.09,0.0005,LAC
1345-1_0_8,15,20.50421688,27.0,0.419756184339228,3.49,5.6,-0.09,0.0005,LAC
1345-1_0_8,17,9.824339334925016,22.0,0.3672999385038756,3.49,5.6,-0.09,0.0005,LAC
1345-1_0_8,28,47.691443968506256,115.66666666666666,1.7295384527079534,3.49,5.6,-0.09,0.0005,LAC
1345-1_0_8,33,49.53777098910172,118.75,1.4220811292575666,3.49,5.6,-0.09,0.0005,LAC
1345-1_0_8,37,20.724975522473688,50.33333333333333,0.7825084424101659,3.49,5.6,-0.09,0.0005,LAC
1345-1_0_8,39,3.423633404595081,7.666666666666666,0.1279984634180172,3.49,5.6,-0.09,0.0005,LAC
1345-1_0_8,40,14.617284060552633,35.5,0.5519016497793555,3.49,5.6,-0.09,0.0005,LAC
1345-1_0_8,41,35.685388316842115,86.66666666666666,1.3473655299777691,3.49,5.6,-0.09,0.0005,LAC
1345-1_0_8,50,13.620106805236954,30.5,0.5092112783803731,3.49,5.6,-0.09,0.0005,LAC
1345-1_0_8,52,7.091723004755615,17.0,0.2035821406095042,3.49,5.6,-0.09,0.0005,LAC
1345-1_0_8,59,14.848149222102585,33.25,0.5551237706933575,3.49,5.6,-0.09,0.0005,LAC
1345-1_0_8,66,14.06666768409718,31.5,0.5259067301305492,3.49,5.6,-0.09,0.0005,LAC
1345-1_0_8,67,14.438801749814036,32.33333333333333,0.5398196065890294,3.49,5.6,-0.09,0.0005,LAC
1345-1_0_8,68,11.31287559779244,25.33333333333333,0.4229514443377962,3.49,5.6,-0.09,0.0005,LAC
1345-1_0_8,73,5.596488649206008,12.333333333333332,0.2228123378322526,3.49,5.6,-0.09,0.0005,LAC
1345-1_0_8,80,6.428399124087982,14.166666666666666,0.2559330907532632,3.49,5.6,-0.09,0.0005,LAC
1345-1_0_8,81,9.824339334925016,22.0,0.3672999385038756,3.49,5.6,-0.09,0.0005,LAC
1345-1_0_8,83,5.879718238326335,13.166666666666666,0.2198234480439862,3.49,5.6,-0.09,0.0005,LAC
1345-1_0_8,88,3.423633404595081,7.666666666666666,0.1279984634180172,3.49,5.6,-0.09,0.0005,LAC
1345-1_0_8,99,1.64540012,2.1666666666666665,0.0402429781546243,3.49,5.6,-0.09,0.0005,LAC
1345-1_0_8,100,8.559083511487701,19.166666666666664,0.3199961585450431,3.49,5.6,-0.09,0.0005,LAC
1345-1_0_8,101,11.31287559779244,25.33333333333333,0.4229514443377962,3.49,5.6,-0.09,0.0005,LAC
1345-1_0_8,102,9.52663208235153,21.33333333333333,0.3561696373370915,3.49,5.6,-0.09,0.0005,LAC
1345-1_0_8,103,9.821965947741434,21.666666666666664,0.3617347879204836,3.49,5.6,-0.09,0.0005,LAC
1345-1_0_8,104,20.722133647060087,45.66666666666666,0.8250078454869897,3.49,5.6,-0.09,0.0005,LAC
1345-1_0_8,112,41.15980410603259,98.66666666666666,1.181574776870848,3.49,5.6,-0.09,0.0005,LAC
1345-1_0_8,113,51.26343283207895,124.5,1.9355424055642183,3.49,5.6,-0.09,0.0005,LAC
1345-1_0_8,115,49.71158772941435,119.16666666666666,1.4270708876058384,3.49,5.6,-0.09,0.0005,LAC
1345-1_0_8,116,49.53777098910172,118.75,1.4220811292575666,3.49,5.6,-0.09,0.0005,LAC
1345-1_0_8,119,61.774289615202974,145.75,1.9073218049604912,3.49,5.599999999999999,-0.09,0.0005,LAC
1345-1_0_8,121,18.308996033269345,41.0,0.6845135217572228,3.49,5.6,-0.09,0.0005,LAC
1345-1_0_8,122,0.37970772,0.5,0.009032932614821,3.49,5.6,-0.09,0.0005,LAC
1345-1_0_8,125,8.062220445468752,18.0,0.3343262800538021,3.49,5.6,-0.09,0.0005,LAC
1345-2_0_3,0,46.11650182484212,112.0,1.7412108387405016,3.49,5.6,-0.09,0.0005,LAC
1345-2_0_3,2,2.5313848,3.333333333333333,0.0624779149538461,3.49,5.6,-0.09,0.0005,LAC
1345-2_0_3,3,31.196642808074028,68.75,1.242028234537895,3.49,5.6,-0.09,0.0005,LAC
1345-2_0_3,4,16.161363362723684,39.25,0.6102011198264705,3.49,5.6,-0.09,0.0005,LAC
1345-2_0_3,10,37.28783338482904,83.5,1.3940702211397098,3.49,5.6,-0.09,0.0005,LAC
1345-2_0_3,14,9.45220526920816,21.166666666666664,0.3533870620453955,3.49,5.6,-0.09,0.0005,LAC
1345-2_0_3,32,10.791887905788844,24.166666666666664,0.4034734172959239,3.49,5.6,-0.09,0.0005,LAC
1345-2_0_3,33,1.07583854,1.4166666666666663,0.0265531138553846,3.49,5.6,-0.09,0.0005,LAC
1345-2_0_3,40,42.41128463628357,101.66666666666666,1.2175010369784076,3.49,5.6,-0.09,0.0005,LAC
1345-2_0_3,42,33.51186753227652,80.33333333333333,0.9620254095468728,3.49,5.6,-0.09,0.0005,LAC
1345-2_0_3,54,53.40366262912909,127.5,2.01205406811316,3.49,5.599999999999999,-0.09,0.0005,LAC
1345-2_0_3,59,33.51186753227652,80.33333333333333,0.9620254095468728,3.49,5.6,-0.09,0.0005,LAC
1345-2_0_3,110,6.326279117186563,14.166666666666666,0.2365188997941623,3.49,5.6,-0.09,0.0005,LAC
1345-2_0_3,134,8.707937137774445,19.5,0.3255613091284352,3.49,5.6,-0.09,0.0005,LAC
1345-2_0_3,142,10.196473400641873,22.83333333333333,0.3812128149623558,3.49,5.6,-0.09,0.0005,LAC
1345-2_0_3,143,23.25567918420064,51.25,0.925875593019158,3.49,5.599999999999999,-0.09,0.0005,LAC
1345-2_0_3,170,9.377778456064789,21.0,0.3506044867536995,3.49,5.6,-0.09,0.0005,LAC
1345-2_0_3,171,9.47035305331579,23.0,0.3575700829556387,3.49,5.6,-0.09,0.0005,LAC
1345-2_0_3,183,1.64540012,2.1666666666666665,0.0391427079975578,3.49,5.6,-0.09,0.0005,LAC
1345-2_1_2,52,7.714078948905578,17.0,0.3071197089039159,3.49,5.6,-0.09,0.0005,LAC
1345-2_1_2,139,11.344233748390554,25.0,0.4516466307410526,3.49,5.6,-0.09,0.0005,LAC
1345-2_1_2,144,8.473494388905578,18.0,0.323815160654092,3.49,5.6,-0.09,0.0005,LAC
1345-2_1_2,145,5.596488649206008,12.333333333333332,0.2228123378322526,3.49,5.6,-0.09,0.0005,LAC
1345-2_1_2,153,8.559083511487701,19.166666666666664,0.3199961585450431,3.49,5.6,-0.09,0.0005,LAC
1345-2_1_2,154,36.04959194084104,86.41666666666666,1.0348758814316468,3.49,5.6,-0.09,0.0005,LAC
1345-2_1_2,174,8.394732973809013,18.5,0.334218506748379,3.49,5.6,-0.09,0.0005,LAC
1345-2_1_2,176,7.714078948905578,17.0,0.3071197089039159,3.49,5.6,-0.09,0.0005,LAC
1345-2_1_2,178,8.28617101339844,18.5,0.3436131211664077,3.49,5.6,-0.09,0.0005,LAC
1345-3_0_6,1,20.50421688,27.0,0.4877783612003369,3.49,5.6,-0.09,0.0005,LAC
1345-3_0_6,6,19.17523986,25.25,0.4215601566919482,3.49,5.6,-0.09,0.0005,LAC
1345-3_0_6,7,0.6328462,0.8333333333333333,0.0156194787384615,3.49,5.6,-0.09,0.0005,LAC
1345-3_0_6,9,42.62242948210527,68.33333333333331,1.16731839379235,3.49,5.6,-0.09,0.0005,LAC
1345-3_0_6,10,13.785958157106776,32.83333333333333,0.6154074622953848,3.49,5.6,-0.09,0.0005,LAC
1345-3_0_6,37,9.749912521781644,21.83333333333333,0.3645173632121796,3.49,5.6,-0.09,0.0005,LAC
1345-3_0_6,42,31.808033624723688,77.25,1.2009690829705693,3.49,5.6,-0.09,0.0005,LAC
1345-3_0_6,46,15.751189944388024,35.166666666666664,0.6531744915865947,3.49,5.6,-0.09,0.0005,LAC
1345-3_0_6,49,10.749627260625005,24.0,0.4457683734050694,3.49,5.6,-0.09,0.0005,LAC
1345-3_0_6,58,47.69531354178776,114.33333333333331,1.3691896907658816,3.49,5.6,-0.09,0.0005,LAC
1345-3_0_6,60,5.897364955481772,13.166666666666666,0.2445534826319478,3.49,5.6,-0.09,0.0005,LAC
1345-3_0_6,61,9.70452461028646,21.666666666666664,0.4024297815462432,3.49,5.6,-0.09,0.0005,LAC
1345-3_0_6,63,5.730864612039592,12.833333333333332,0.2142582974605941,3.49,5.6,-0.09,0.0005,LAC
1345-3_0_6,67,25.322900555605266,61.5,0.956111308772686,3.49,5.6,-0.09,0.0005,LAC
1345-3_0_6,70,4.6888892280323935,10.5,0.1753022433768498,3.49,5.6,-0.09,0.0005,LAC
1345-3_0_6,73,9.058598572736845,22.0,0.3420235576097414,3.49,5.6,-0.09,0.0005,LAC
1345-3_0_6,76,42.82246598021053,104.0,1.616838635973323,3.49,5.6,-0.09,0.0005,LAC
1345-3_0_6,79,9.377899898669527,20.666666666666664,0.3733612147459368,3.49,5.6,-0.09,0.0005,LAC
1345-3_0_6,80,4.1135003,5.416666666666666,0.0904336969801209,3.49,5.6,-0.09,0.0005,LAC
1345-3_0_6,85,5.209876920035994,11.666666666666666,0.1947802704187218,3.49,5.6,-0.09,0.0005,LAC
1345-3_0_6,88,48.85572664,64.33333333333333,0.9619623094312252,3.49,5.6,-0.09,0.0005,LAC
1345-3_0_6,93,8.360821202708333,18.666666666666664,0.3467087348706095,3.49,5.6,-0.09,0.0005,LAC
1345-3_0_6,95,8.211520824088543,18.33333333333333,0.3405175074622058,3.49,5.6,-0.09,0.0005,LAC
1345-3_0_6,104,10.07777555683594,22.5,0.4179078500672525,3.49,5.6,-0.09,0.0005,LAC
1345-3_0_6,108,38.84217266794737,94.33333333333331,1.4665555576296487,3.49,5.6,-0.09,0.0005,LAC
1345-3_0_6,113,36.32537188,47.83333333333333,0.7985991087167599,3.49,5.6,-0.09,0.0005,LAC
1345-3_0_6,117,14.74531646,19.416666666666664,0.3639338546061539,3.49,5.6,-0.09,0.0005,LAC
1345-4_0_4,0,12.284008670605266,29.83333333333333,0.4638046728192705,3.49,5.6,-0.09,0.0005,LAC
1345-4_0_4,8,5.56904656,7.333333333333333,0.1224333128346252,3.49,5.6,-0.09,0.0005,LAC
1345-4_0_4,9,6.028571864613078,13.5,0.2253885986273782,3.49,5.6,-0.09,0.0005,LAC
1345-4_0_4,22,46.721939796037,112.0,1.3412470440155573,3.49,5.6,-0.09,0.0005,LAC
1345-4_0_4,23,5.209876920035994,11.666666666666666,0.1947802704187218,3.49,5.6,-0.09,0.0005,LAC
1345-4_0_4,25,5.596488649206008,12.333333333333332,0.2228123378322526,3.49,5.6,-0.09,0.0005,LAC
1345-4_0_4,31,11.646746648347635,25.666666666666664,0.4636905408941474,3.49,5.6,-0.09,0.0005,LAC
1345-4_0_4,35,36.46309324993421,87.5,1.3617571257713654,3.49,5.6,-0.09,0.0005,LAC
1345-4_0_4,38,10.8242774499349,24.166666666666664,0.4488639871092712,3.49,5.6,-0.09,0.0005,LAC
1345-4_0_4,39,5.449463819622397,12.166666666666666,0.2259798004067365,3.49,5.6,-0.09,0.0005,LAC
1345-4_0_4,40,5.673414387552084,12.666666666666666,0.2352666415193421,3.49,5.6,-0.09,0.0005,LAC
1345-4_0_4,43,6.283529448932292,13.333333333333332,0.2476490963361496,3.49,5.6,-0.09,0.0005,LAC
1345-4_0_4,45,13.285186146091782,29.75,0.4966896895677409,3.49,5.6,-0.09,0.0005,LAC
1345-4_0_4,51,5.524114008932292,12.333333333333332,0.2290754141109384,3.49,5.6,-0.09,0.0005,LAC
1345-4_0_4,52,5.1893388400000005,6.833333333333333,0.1140855869595371,3.49,5.6,-0.09,0.0005,LAC
1345-4_0_4,53,16.076191638968208,36.0,0.601036263006342,3.49,5.6,-0.09,0.0005,LAC
1345-4_0_4,54,8.149736039199162,18.25,0.304691994440715,3.49,5.6,-0.09,0.0005,LAC
1345-4_0_4,58,6.028571864613078,13.5,0.2253885986273782,3.49,5.6,-0.09,0.0005,LAC
1345-4_0_4,60,42.81067340359092,101.58333333333331,1.6117250373082812,3.49,5.599999999999999,-0.09,0.0005,LAC
1345-4_0_4,61,0.9492693,1.25,0.0234292181076923,3.49,5.6,-0.09,0.0005,LAC
1345-4_0_4,62,6.475132743473306,14.5,0.2420840503775544,3.49,5.6,-0.09,0.0005,LAC
1345-4_0_4,65,6.586772963188363,14.75,0.2462579133150984,3.49,5.6,-0.09,0.0005,LAC
1345-4_0_4,69,26.388349400441506,64.0,0.9569780487605968,3.49,5.6,-0.09,0.0005,LAC
1345-4_0_4,72,40.047376968031706,96.0,1.149640323441906,3.49,5.6,-0.09,0.0005,LAC
1345-4_0_4,75,13.173545926376724,29.5,0.4925158266301969,3.49,5.6,-0.09,0.0005,LAC
1345-4_0_4,81,25.994586145843336,59.75,0.974861945588519,3.49,5.599999999999999,-0.09,0.0005,LAC
1345-4_0_4,84,22.337680571407898,54.25,0.8433990000149305,3.49,5.6,-0.09,0.0005,LAC
1345-4_0_4,85,7.591534940623876,17.0,0.2838226797529948,3.49,5.6,-0.09,0.0005,LAC
1345-5_0_4,0,15.1883088,20.0,0.3339090350035233,3.49,5.6,-0.09,0.0005,LAC
1345-5_0_4,8,0.6328462,0.8333333333333333,0.0156194787384615,3.49,5.6,-0.09,0.0005,LAC
1345-5_0_4,58,4.986596480605879,11.166666666666666,0.1864325445436338,3.49,5.6,-0.09,0.0005,LAC
1345-5_0_4,72,30.366139762495504,68.0,1.1352907190119792,3.49,5.6,-0.09,0.0005,LAC
1345-5_0_4,79,15.852911199538095,35.5,0.5926885371312539,3.49,5.6,-0.09,0.0005,LAC
1345-5_0_4,82,1.4555462600000002,1.9166666666666663,0.0319996158545043,3.49,5.6,-0.09,0.0005,LAC
1345-5_0_4,85,6.51831586,8.583333333333332,0.1433026275223454,3.49,5.6,-0.09,0.0005,LAC
1345-5_0_4,88,25.82012496,34.0,0.6372747325292308,3.49,5.6,-0.09,0.0005,LAC
1345-5_0_4,90,2.08839246,2.75,0.0496811293815157,3.49,5.6,-0.09,0.0005,LAC
1345-5_0_4,91,30.50318684,40.16666666666666,0.725645586723958,3.49,5.6,-0.09,0.0005,LAC
1345-5_0_4,124,5.954145051469707,13.333333333333332,0.2226060233356822,3.49,5.6,-0.09,0.0005,LAC
1345-5_0_4,125,4.366638780000001,5.75,0.0959988475635129,3.49,5.6,-0.09,0.0005,LAC
1345-5_0_4,128,0.9492693,1.25,0.0208693146877202,3.49,5.6,-0.09,0.0005,LAC
1345-5_0_4,132,0.56956158,0.75,0.0125215888126321,3.49,5.6,-0.09,0.0005,LAC
1345-5_0_4,133,3.03766176,4.0,0.0667818070007046,3.49,5.6,-0.09,0.0005,LAC
1345-5_0_4,136,12.0240778,15.833333333333332,0.2643446527111227,3.49,5.6,-0.09,0.0005,LAC
1345-5_0_4,147,7.517108127480505,16.833333333333332,0.2810401044612988,3.49,5.6,-0.09,0.0005,LAC
1345-5_0_4,154,15.589067102957408,33.916666666666664,0.5662540718601417,3.49,5.6,-0.09,0.0005,LAC
1345-5_0_4,165,21.42477532180157,52.0,0.97465547328,3.49,5.6,-0.09,0.0005,LAC
1345-5_0_4,167,8.559083511487701,19.166666666666664,0.3199961585450431,3.49,5.6,-0.09,0.0005,LAC
1345-5_0_4,173,1.13912316,1.5,0.0278605233378168,3.49,5.6,-0.09,0.0005,LAC
1345-5_0_4,174,16.049790701627604,35.83333333333333,0.6655569464034023,3.49,5.6,-0.09,0.0005,LAC
1345-5_0_4,175,15.377938997838545,34.33333333333333,0.6376964230655854,3.49,5.6,-0.09,0.0005,LAC
1345-5_0_4,181,10.301726124765628,23.0,0.4271946911798582,3.49,5.6,-0.09,0.0005,LAC
1345-5_0_4,187,6.656697436026317,16.166666666666664,0.2513354930920069,3.49,5.6,-0.09,0.0005,LAC
1345-5_0_4,196,17.29368818431579,42.0,0.6529540645276882,3.49,5.6,-0.09,0.0005,LAC
1345-5_0_4,206,1.07583854,1.4166666666666663,0.0236518899794162,3.49,5.6,-0.09,0.0005,LAC
1345-5_0_4,207,13.247972739520096,29.666666666666664,0.4952984019218929,3.49,5.599999999999999,-0.09,0.0005,LAC
1345-5_0_4,208,8.484656698344331,19.0,0.3172135832533471,3.49,5.6,-0.09,0.0005,LAC
1345-5_0_4,209,28.99437800743421,70.41666666666666,1.0947344931069374,3.49,5.6,-0.09,0.0005,LAC
1345-5_0_4,214,7.442681314337133,16.666666666666664,0.2782575291696028,3.49,5.6,-0.09,0.0005,LAC
1345-5_0_4,230,7.963669006340734,17.833333333333332,0.2977355562114749,3.49,5.6,-0.09,0.0005,LAC
1345-5_1_4,4,2.2149617000000004,2.9166666666666665,0.0486950676046804,3.49,5.6,-0.09,0.0005,LAC
1345-5_1_4,10,6.326279117186563,14.166666666666666,0.2365188997941623,3.49,5.6,-0.09,0.0005,LAC
1345-5_1_4,14,2.15167708,2.833333333333333,0.0473037799588324,3.49,5.6,-0.09,0.0005,LAC
1345-5_1_4,15,6.45503124,8.5,0.1593186831323077,3.49,5.6,-0.09,0.0005,LAC
1345-5_1_4,22,1.5821155,2.083333333333333,0.0386951713025233,3.49,5.6,-0.09,0.0005,LAC
1345-5_1_4,24,6.69841318290342,15.0,0.2504317762526424,3.49,5.6,-0.09,0.0005,LAC
1345-5_1_4,26,13.73174702495201,30.75,0.5133851413179172,3.49,5.6,-0.09,0.0005,LAC
1345-5_1_4,39,1.0125539200000002,1.3333333333333333,0.0222606023335682,3.49,5.6,-0.09,0.0005,LAC
1345-5_1_4,43,6.896887549697369,16.75,0.2604042995437803,3.49,5.6,-0.09,0.0005,LAC
1345-5_1_4,47,9.075386998712444,20.0,0.3613173045928422,3.49,5.6,-0.09,0.0005,LAC
1345-5_1_4,49,10.494617229778044,22.33333333333333,0.3728650890872677,3.49,5.6,-0.09,0.0005,LAC
1345-5_1_4,62,11.227107934184213,26.0,0.405933048599749,3.49,5.6,-0.09,0.0005,LAC
1345-5_1_4,65,22.2025244098966,52.58333333333333,0.8356794591728497,3.49,5.6,-0.09,0.0005,LAC
1345-5_1_4,93,15.097664287894736,36.66666666666666,0.5700392626829023,3.49,5.6,-0.09,0.0005,LAC
1345-5_1_4,94,30.591746295024222,73.33333333333333,0.8781974692959006,3.49,5.6,-0.09,0.0005,LAC
1345-5_1_4,97,21.29605873700069,51.0,0.9559120987938462,3.49,5.6,-0.09,0.0005,LAC
1345-5_1_4,99,16.288397967005455,36.5,0.6841331687446155,3.49,5.6,-0.09,0.0005,LAC
1345-5_1_4,102,9.749912521781644,21.83333333333333,0.3645173632121796,3.49,5.6,-0.09,0.0005,LAC
1345-5_1_4,110,6.884480215761848,15.416666666666666,0.2573882144818826,3.49,5.6,-0.09,0.0005,LAC
1345-5_1_4,111,8.416854460000001,11.083333333333332,0.1850412568977858,3.49,5.6,-0.09,0.0005,LAC
1345-5_1_4,112,9.81348178713158,23.83333333333333,0.3705255207438865,3.49,5.6,-0.09,0.0005,LAC
1345-5_1_4,114,34.047617539969565,78.16666666666666,1.276687627166559,3.49,5.6,-0.09,0.0005,LAC
1345-5_1_4,115,14.205529579973684,34.5,0.536355124433458,3.49,5.6,-0.09,0.0005,LAC
1345-5_1_4,116,8.659421959947919,19.33333333333333,0.3590911896874171,3.49,5.6,-0.09,0.0005,LAC
1345-5_1_4,219,11.31287559779244,25.33333333333333,0.4229514443377962,3.49,5.6,-0.09,0.0005,LAC
1345-5_1_4,220,21.10000152614577,47.25,0.7888600951958239,3.49,5.6,-0.09,0.0005,LAC
1345-5_1_4,232,8.98641604,11.833333333333332,0.197562845710418,3.49,5.6,-0.09,0.0005,LAC
1345-6_0_8,0,14.2390395,18.75,0.3130397203158031,3.49,5.6,-0.09,0.0005,LAC
1345-6_0_8,1,7.08787744,9.333333333333332,0.1686147421433263,3.49,5.6,-0.09,0.0005,LAC
1345-6_0_8,3,37.74416071973685,91.66666666666666,1.4250981567072556,3.49,5.6,-0.09,0.0005,LAC
1345-6_0_8,5,0.5062769600000001,0.6666666666666666,0.0111303011667841,3.49,5.6,-0.09,0.0005,LAC
1345-6_0_8,10,7.793636913148628,17.5,0.3280090535076923,3.49,5.6,-0.09,0.0005,LAC
1345-6_0_8,12,8.85679076406119,19.83333333333333,0.3311264597118273,3.49,5.6,-0.09,0.0005,LAC
1345-6_0_8,13,5.001562683763021,11.166666666666666,0.2074061181815253,3.49,5.6,-0.09,0.0005,LAC
1345-6_0_8,16,4.17678492,5.5,0.0918249846259689,3.49,5.6,-0.09,0.0005,LAC
1345-6_0_8,20,14.226813919556172,31.0,0.5175590042554611,3.49,5.6,-0.09,0.0005,LAC
1345-6_0_8,22,12.024887773293992,26.5,0.4787454285855158,3.49,5.6,-0.09,0.0005,LAC
1345-6_0_8,24,6.028571864613078,13.5,0.2253885986273782,3.49,5.6,-0.09,0.0005,LAC
1345-6_0_8,31,14.624868782672465,32.75,0.5467760448182695,3.49,5.6,-0.09,0.0005,LAC
1345-6_0_8,32,7.256614281478704,16.25,0.2713010909403627,3.49,5.6,-0.09,0.0005,LAC
1345-6_0_8,37,29.11843162636061,65.25,1.1226569711586325,3.49,5.6,-0.09,0.0005,LAC
1345-6_0_8,42,38.89532750169242,94.33333333333331,1.4105457697877544,3.49,5.6,-0.09,0.0005,LAC
1345-6_0_8,52,1.703404055063849,4.083333333333333,0.0488996318130672,3.49,5.6,-0.09,0.0005,LAC
1345-6_0_8,54,6.450820195736843,15.666666666666666,0.2435622304190582,3.49,5.6,-0.09,0.0005,LAC
1345-6_0_8,55,8.782363950917818,19.666666666666664,0.3283438844201312,3.49,5.6,-0.09,0.0005,LAC
1345-6_0_8,56,4.159552374409871,9.166666666666666,0.1656037646050526,3.49,5.6,-0.09,0.0005,LAC
1345-6_0_8,61,4.316755162315537,9.666666666666666,0.1613893669183696,3.49,5.6,-0.09,0.0005,LAC
1345-6_0_8,62,20.381846788657896,49.5,0.7695530046219181,3.49,5.6,-0.09,0.0005,LAC
1345-6_0_8,82,23.221165700731856,52.0,0.8681634910091607,3.49,5.6,-0.09,0.0005,LAC
1345-6_0_8,86,8.59629691805939,19.25,0.3213874461908912,3.49,5.6,-0.09,0.0005,LAC
1345-6_0_8,91,2.59466942,3.4166666666666665,0.0570427934797685,3.49,5.6,-0.09,0.0005,LAC
1345-6_0_8,93,12.352634417368424,30.0,0.4663957603769201,3.49,5.6,-0.09,0.0005,LAC
1345-6_0_8,94,4.593267570725639,11.0,0.2061771193476923,3.49,5.6,-0.09,0.0005,LAC
1345-6_0_8,95,8.261376258914217,18.5,0.308865857378259,3.49,5.6,-0.09,0.0005,LAC
1345-6_0_8,98,19.202117790989803,43.0,0.7179044252575751,3.49,5.599999999999999,-0.09,0.0005,LAC
1345-6_0_8,106,35.170695216118425,85.41666666666666,1.3279323732953974,3.49,5.6,-0.09,0.0005,LAC
1345-6_0_8,107,25.119049435887824,56.25,0.9391191609474092,3.49,5.6,-0.09,0.0005,LAC
1345-6_0_8,108,0.44299234,0.5833333333333333,0.0105384213839578,3.49,5.6,-0.09,0.0005,LAC
1345-6_0_8,109,22.43968416272645,50.25,0.8389464504463524,3.49,5.599999999999999,-0.09,0.0005,LAC
1345-7_0_4,14,12.84677786,16.916666666666664,0.2824313921071468,3.49,5.6,-0.09,0.0005,LAC
1345-7_0_4,21,11.873631323315449,26.166666666666664,0.4727234735089685,3.49,5.6,-0.09,0.0005,LAC
1345-7_0_4,22,11.79800309832618,26.0,0.4697124959706948,3.49,5.6,-0.09,0.0005,LAC
1345-8_0_4,3,2.78452328,3.6666666666666665,0.0612166564173126,3.49,5.6,-0.09,0.0005,LAC
1345-8_0_4,6,47.83425101605263,112.58333333333331,1.7631450619293596,3.49,5.6,-0.09,0.0005,LAC
1345-8_0_4,19,18.94070610663158,46.0,0.7151401659112775,3.49,5.6,-0.09,0.0005,LAC
1345-8_0_4,20,13.06361996870627,29.33333333333333,0.5498056515938462,3.49,5.6,-0.09,0.0005,LAC
1345-8_0_4,21,4.366638780000001,5.75,0.0959988475635129,3.49,5.6,-0.09,0.0005,LAC
1345-8_0_4,32,9.71269911520996,21.75,0.3631260755663316,3.49,5.6,-0.09,0.0005,LAC
1345-8_0_4,33,18.085715593839232,40.5,0.6761657958821348,3.49,5.6,-0.09,0.0005,LAC
1345-8_0_4,35,15.741270979823035,35.25,0.58851467419371,3.49,5.6,-0.09,0.0005,LAC
1345-8_0_4,37,9.6010588954949,21.5,0.3589522126287876,3.49,5.6,-0.09,0.0005,LAC
1345-8_0_4,38,9.935979554640072,22.25,0.3714738014414197,3.49,5.6,-0.09,0.0005,LAC
1345-8_0_4,40,1.5821155,2.083333333333333,0.0386951713025233,3.49,5.6,-0.09,0.0005,LAC
1345-8_0_4,41,9.869483361099784,21.75,0.3929325687447157,3.49,5.6,-0.09,0.0005,LAC
1345-8_0_4,42,24.28642097570245,54.0,0.9943459512367312,3.49,5.599999999999999,-0.09,0.0005,LAC
1345-8_0_4,49,7.614319309609377,17.0,0.3157525978285908,3.49,5.6,-0.09,0.0005,LAC
1345-8_0_4,56,11.461729224079184,25.666666666666664,0.4285165949211883,3.49,5.6,-0.09,0.0005,LAC
1345-8_0_4,60,10.717461092645472,24.0,0.4006908420042279,3.49,5.6,-0.09,0.0005,LAC
1345-9_0_3,4,6.70816972,8.833333333333332,0.1474764904598894,3.49,5.6,-0.09,0.0005,LAC
1345-9_0_3,8,15.852547502289474,38.5,0.5985412258170474,3.49,5.6,-0.09,0.0005,LAC
1345-9_0_3,9,13.272753485616954,29.25,0.5284265579670316,3.49,5.6,-0.09,0.0005,LAC
1345-9_0_3,12,6.77283999604679,15.166666666666666,0.2532143515443385,3.49,5.6,-0.09,0.0005,LAC
1345-9_0_3,15,5.358730546322736,12.0,0.2003454210021139,3.49,5.6,-0.09,0.0005,LAC
1345-9_0_3,18,9.749912521781644,21.83333333333333,0.3645173632121796,3.49,5.6,-0.09,0.0005,LAC
1345-9_0_3,20,34.834610170842865,83.91666666666666,1.1186175170450854,3.49,5.6,-0.09,0.0005,LAC
1345-9_0_3,26,10.866314718932214,24.33333333333333,0.4062559925876201,3.49,5.6,-0.09,0.0005,LAC
1345-9_0_3,27,7.070547248620277,15.833333333333332,0.2643446527111226,3.49,5.6,-0.09,0.0005,LAC
1345-9_0_3,32,8.908155288680028,21.33333333333333,0.3998586557046154,3.49,5.6,-0.09,0.0005,LAC
1345-9_0_3,36,9.52663208235153,21.33333333333333,0.3561696373370915,3.49,5.6,-0.09,0.0005,LAC
1345-9_0_3,39,10.270900213785245,23.0,0.3839953902540518,3.49,5.6,-0.09,0.0005,LAC
1345-9_0_3,41,9.898766148068388,22.166666666666664,0.3700825137955717,3.49,5.6,-0.09,0.0005,LAC
1345-9_0_3,43,8.85679076406119,19.83333333333333,0.3311264597118273,3.49,5.6,-0.09,0.0005,LAC
1345-9_0_3,51,21.5423776735132,49.66666666666666,0.8225573091793711,3.49,5.6,-0.09,0.0005,LAC
1345-9_0_3,52,12.024887773293992,26.5,0.4787454285855158,3.49,5.6,-0.09,0.0005,LAC
1345-9_0_3,55,8.697245873766093,19.166666666666664,0.3462624169014737,3.49,5.6,-0.09,0.0005,LAC
1345-9_0_3,57,13.310567598111588,29.33333333333333,0.5299320467361686,3.49,5.6,-0.09,0.0005,LAC
1345-9_0_3,61,7.222495486475322,15.916666666666666,0.2875483549051369,3.49,5.6,-0.09,0.0005,LAC
1345-9_0_3,62,7.109053148991416,15.666666666666666,0.2830318885977263,3.49,5.6,-0.09,0.0005,LAC
1345-9_0_3,63,8.782363950917818,19.666666666666664,0.3283438844201312,3.49,5.6,-0.09,0.0005,LAC
1345-9_0_3,68,8.85679076406119,19.83333333333333,0.3311264597118273,3.49,5.6,-0.09,0.0005,LAC
1345-9_0_3,69,8.697245873766093,19.166666666666664,0.3462624169014737,3.49,5.6,-0.09,0.0005,LAC
1345-9_0_3,72,8.697245873766093,19.166666666666664,0.3462624169014737,3.49,5.6,-0.09,0.0005,LAC
1345-9_0_3,74,10.890464398454933,24.0,0.4335807655114105,3.49,5.6,-0.09,0.0005,LAC
1345-9_0_3,78,20.934008706512763,46.49999999999999,0.8544508813861497,3.49,5.6,-0.09,0.0005,LAC
1345-9_0_3,87,8.535888047734211,19.166666666666664,0.3592480109846154,3.49,5.6,-0.09,0.0005,LAC
1345-9_0_3,91,15.395486266819749,36.66666666666666,0.6872570644923078,3.49,5.6,-0.09,0.0005,LAC
1345-9_0_3,92,8.782363950917818,19.666666666666664,0.3283438844201312,3.49,5.6,-0.09,0.0005,LAC
1345-9_0_3,95,8.931217577204558,20.0,0.3339090350035233,3.49,5.6,-0.09,0.0005,LAC
1345-9_0_3,105,9.75604102361588,21.5,0.3884161024373053,3.49,5.6,-0.09,0.0005,LAC
1345-9_0_3,106,37.02296568659181,88.75,1.0628185281819706,3.49,5.6,-0.09,0.0005,LAC
1630-125_0_7,2,7.341015919999999,9.666666666666666,0.1795455948437085,3.49,5.6,-0.09,0.0005,MMNAF
1630-125_0_7,17,44.17266476,58.16666666666666,1.0902396159446155,3.49,5.6,-0.09,0.0005,MMNAF
1630-125_0_7,28,6.69841318290342,15.0,0.2504317762526424,3.49,5.6,-0.09,0.0005,MMNAF
1630-125_0_7,29,13.9226164,18.33333333333333,0.3405175074622058,3.49,5.6,-0.09,0.0005,MMNAF
1630-125_0_7,33,6.251852304043192,14.0,0.2337363245024663,3.49,5.6,-0.09,0.0005,MMNAF
1630-125_0_7,47,7.889242193197361,17.666666666666664,0.294952980919779,3.49,5.6,-0.09,0.0005,MMNAF
1630-125_0_7,58,23.37641760571599,31.75,0.4963787518759143,3.49,5.6,-0.09,0.0005,MMNAF
1630-125_0_7,62,8.44831644489802,16.583333333333332,0.2831270097738715,3.49,5.6,-0.09,0.0005,MMNAF
1630-125_0_7,70,13.07320475838158,31.75,0.4936021797322404,3.49,5.6,-0.09,0.0005,MMNAF
1630-125_0_7,75,8.938833618947369,17.75,0.3326948971292309,3.49,5.6,-0.09,0.0005,MMNAF
1630-125_0_7,76,9.444198026674457,20.83333333333333,0.3478219114620035,3.49,5.6,-0.09,0.0005,MMNAF
1630-125_0_7,77,19.01920520576316,45.41666666666666,0.7071245419967596,3.49,5.6,-0.09,0.0005,MMNAF
1630-125_0_7,78,8.41022988520096,18.83333333333333,0.3144310079616511,3.49,5.6,-0.09,0.0005,MMNAF
1630-125_0_7,90,2.4048155600000003,3.1666666666666665,0.0588166603798355,3.49,5.6,-0.09,0.0005,MMNAF
1630-125_0_7,105,0.8227000600000001,1.0833333333333333,0.02030532236,3.49,5.6,-0.09,0.0005,MMNAF
1630-125_0_7,106,3.164231,4.166666666666666,0.0752744384568421,3.49,5.6,-0.09,0.0005,MMNAF
3312-11_0_4,6,9.492693,12.5,0.208693146877202,3.49,5.6,-0.09,0.0005,LAC
3312-11_0_4,9,3.60722334,4.75,0.0793033958133367,3.49,5.6,-0.09,0.0005,LAC
3312-11_0_4,10,7.214446680000001,9.5,0.1586067916266735,3.49,5.6,-0.09,0.0005,LAC
3312-11_0_4,14,1.64540012,2.1666666666666665,0.04061064472,3.49,5.6,-0.09,0.0005,LAC
3312-11_0_4,15,1.64540012,2.1666666666666665,0.04061064472,3.49,5.6,-0.09,0.0005,LAC
3312-11_0_4,23,5.135450106892622,11.5,0.1919976951270259,3.49,5.6,-0.09,0.0005,LAC
3312-11_0_4,24,5.12605422,6.75,0.1126942993136891,3.49,5.6,-0.09,0.0005,LAC
3312-4_0_4,0,26.24934813690789,63.75,0.9910909908009552,3.49,5.6,-0.09,0.0005,MMRIC
3312-4_0_4,8,9.52663208235153,21.33333333333333,0.3561696373370915,3.49,5.6,-0.09,0.0005,MMRIC
3312-4_0_4,11,4.050215680000001,5.333333333333333,0.0890424093342728,3.49,5.6,-0.09,0.0005,MMRIC
3312-4_0_4,20,21.514171610250003,52.25,0.8123059493231358,3.49,5.6,-0.09,0.0005,MMRIC
3312-4_0_4,21,10.345327026928617,23.166666666666664,0.3867779655457479,3.49,5.6,-0.09,0.0005,MMRIC
3312-4_0_4,29,6.771454340000001,8.916666666666666,0.1488677781057374,3.49,5.6,-0.09,0.0005,MMRIC
3312-4_0_4,35,11.1640219715057,25.0,0.4173862937544041,3.49,5.6,-0.09,0.0005,MMRIC
3312-4_0_4,38,1.2656924,1.6666666666666663,0.0288497142849491,3.49,5.6,-0.09,0.0005,MMRIC
3312-4_0_4,42,6.45503124,8.5,0.1535598544519579,3.49,5.6,-0.09,0.0005,MMRIC
3312-4_0_4,58,18.811847706093754,42.0,0.7800946534588715,3.49,5.6,-0.09,0.0005,MMRIC
3312-4_0_4,64,6.9613082,9.166666666666666,0.1425098156707255,3.49,5.6,-0.09,0.0005,SLFAMD
3312-4_0_4,69,13.503413169757176,32.75,0.4897036108892115,3.49,5.6,-0.09,0.0005,SLFAMD
3312-4_0_4,73,9.71269911520996,21.75,0.3631260755663316,3.49,5.6,-0.09,0.0005,SLFAMD
3312-4_0_4,74,3.98693106,5.25,0.094845792455621,3.49,5.6,-0.09,0.0005,SLFAMD
3312-4_0_4,77,3.832980876883624,8.583333333333332,0.1433026275223454,3.49,5.6,-0.09,0.0005,MMRIC
3312-4_0_4,81,9.605986744526318,21.5,0.3367396354793969,3.49,5.6,-0.09,0.0005,MMRIC
3312-4_0_4,83,4.651675821460708,10.416666666666666,0.1739109557310017,3.49,5.6,-0.09,0.0005,MMRIC
3312-4_0_4,85,0.6328462,0.8333333333333333,0.0139128764584801,3.49,5.6,-0.09,0.0005,MMRIC
3312-4_0_4,89,6.77283999604679,15.166666666666666,0.2532143515443385,3.49,5.6,-0.09,0.0005,MMRIC
3312-4_0_4,90,6.9216936223335335,15.5,0.2587795021277305,3.49,5.6,-0.09,0.0005,MMRIC
3312-4_0_4,91,18.532276472699465,41.5,0.6928612476323109,3.49,5.6,-0.09,0.0005,MMRIC
3312-4_0_4,95,3.5352736243101384,7.916666666666666,0.1321723263555613,3.49,5.6,-0.09,0.0005,MMRIC
3312-4_0_4,96,11.80362844326316,28.666666666666664,0.4456670599157236,3.49,5.6,-0.09,0.0005,MMRIC
3312-4_0_4,97,7.368254501193761,16.5,0.2754749538779067,3.49,5.6,-0.09,0.0005,MMRIC
3312-4_0_4,98,16.076191638968208,36.0,0.601036263006342,3.49,5.6,-0.09,0.0005,MMRIC
3312-4_0_4,99,13.54567999209358,30.33333333333333,0.506428703088677,3.49,5.6,-0.09,0.0005,MMRIC
3312-4_0_4,102,6.9519882394661074,14.166666666666666,0.2365188997941623,3.49,5.6,-0.09,0.0005,MMRIC
3312-4_0_4,105,8.038095819484104,18.0,0.300518131503171,3.49,5.6,-0.09,0.0005,MMRIC
3312-4_0_4,108,13.247972739520096,29.666666666666664,0.4952984019218929,3.49,5.6,-0.09,0.0005,MMRIC
3312-4_0_4,111,8.633510324631073,19.33333333333333,0.3227787338367392,3.49,5.6,-0.09,0.0005,MMRIC
3312-4_0_4,112,21.188523468368423,50.333333333333336,0.7840403442825377,3.49,5.6,-0.09,0.0005,MMRIC
3312-4_0_4,117,6.400705930329934,14.333333333333332,0.2393014750858584,3.49,5.6,-0.09,0.0005,MMRIC
3312-4_0_4,120,8.931217577204558,20.0,0.3339090350035233,3.49,5.6,-0.09,0.0005,MMRIC
3312-4_0_4,128,1.20240778,1.5833333333333333,0.0264344652711122,3.49,5.6,-0.09,0.0005,MMRIC
3312-4_0_4,129,11.53615603722256,25.83333333333333,0.4312991702128843,3.49,5.6,-0.09,0.0005,MMRIC
3312-4_0_4,130,28.803176686484704,64.5,1.0768566378863629,3.49,5.6,-0.09,0.0005,MMRIC
3312-4_0_4,132,15.118325177336278,36.66666666666666,0.5482686737690918,3.49,5.6,-0.09,0.0005,MMRIC
3312-4_0_4,135,29.225549114824226,65.25,1.2119327651950325,3.49,5.6,-0.09,0.0005,MMRIC
3312-4_0_4,139,11.31287559779244,25.33333333333333,0.4229514443377962,3.49,5.6,-0.09,0.0005,MMRIC
3312-4_0_4,140,10.256189481781645,22.5,0.3756476643789637,3.49,5.6,-0.09,0.0005,MMRIC
3312-4_0_4,144,3.4806541,4.583333333333333,0.0851293768655514,3.49,5.6,-0.09,0.0005,MMRIC
3312-4_0_4,145,14.810935815530891,33.166666666666664,0.5537324830475095,3.49,5.6,-0.09,0.0005,MMRIC
3312-4_0_4,146,6.400705930329934,14.333333333333332,0.2393014750858584,3.49,5.6,-0.09,0.0005,MMRIC
3312-4_0_4,150,9.6010588954949,21.5,0.3589522126287876,3.49,5.6,-0.09,0.0005,MMRIC
3312-7_0_4,6,3.94462109659868,8.833333333333332,0.1474764904598894,3.49,5.6,-0.09,0.0005,MMRIC
3312-7_0_4,10,0.44299234,0.5833333333333333,0.009739013520936,3.49,5.6,-0.09,0.0005,LAC
3312-7_0_4,12,32.21187158,42.41666666666666,0.708165411736639,3.49,5.6,-0.09,0.0005,LAC
3312-7_0_4,25,3.98693106,5.25,0.0876511216884248,3.49,5.6,-0.09,0.0005,MMRIC
3312-7_0_4,34,8.29028522,10.916666666666666,0.1822586816060898,3.49,5.6,-0.09,0.0005,MMRIC
3312-7_0_4,36,6.89802358,9.083333333333332,0.1516503533974335,3.49,5.6,-0.09,0.0005,MMRIC
3312-7_0_4,37,18.85881676,24.83333333333333,0.4146037184627081,3.49,5.6,-0.09,0.0005,MMRIC
3312-7_0_4,43,9.005644390347934,20.166666666666664,0.3366916102952194,3.49,5.6,-0.09,0.0005,MMRIC
3312-7_0_4,50,2.27824632,3.0,0.0562301234584615,3.49,5.6,-0.09,0.0005,MMRIC
3312-7_0_4,53,16.4540012,21.666666666666664,0.3617347879204836,3.49,5.6,-0.09,0.0005,MMRIC
3312-7_0_4,54,12.057143729226157,27.0,0.4507771972547565,3.49,5.6,-0.09,0.0005,MMRIC
3312-7_0_4,57,5.58201098575285,12.5,0.208693146877202,3.49,5.6,-0.09,0.0005,LAC
3312-7_0_4,59,48.37742854319138,108.33333333333331,1.8086739396024176,3.49,5.6,-0.09,0.0005,LAC
3312-7_0_4,63,20.381846788657896,49.5,0.7695530046219181,3.49,5.6,-0.09,0.0005,LAC
3312-7_0_4,64,7.963669006340734,17.833333333333332,0.2977355562114749,3.49,5.6,-0.09,0.0005,LAC
3312-7_0_4,79,42.34175794015852,101.5,1.215505133639099,3.49,5.6,-0.09,0.0005,LAC
3312-7_0_4,81,6.9961204354769055,15.666666666666666,0.2615620774194266,3.49,5.6,-0.09,0.0005,LAC
3312-7_0_4,85,20.44093226,26.916666666666664,0.4493859096089084,3.49,5.6,-0.09,0.0005,LAC
3312-7_0_4,90,3.200352965164967,7.166666666666666,0.1196507375429292,3.49,5.6,-0.09,0.0005,LAC
3312-7_0_4,91,5.358730546322736,12.0,0.2003454210021139,3.49,5.6,-0.09,0.0005,LAC
3312-7_0_4,93,11.11737097563158,27.0,0.419756184339228,3.49,5.6,-0.09,0.0005,LAC
3312-7_0_4,96,16.969313396688662,38.0,0.6344271665066943,3.49,5.6,-0.09,0.0005,LAC
3312-7_0_4,98,9.005644390347934,20.166666666666664,0.3366916102952194,3.49,5.6,-0.09,0.0005,LAC
3312-7_0_4,100,6.251852304043192,14.0,0.2337363245024663,3.49,5.6,-0.09,0.0005,LAC
3312-8_0_2,4,10.512323273508583,23.166666666666664,0.4185258778200422,3.49,5.6,-0.09,0.0005,MMRIC
3312-8_0_2,10,9.333101559789476,22.666666666666664,0.3523879078403397,3.49,5.6,-0.09,0.0005,MMRIC
3312-8_0_2,13,9.492693,12.5,0.208693146877202,3.49,5.6,-0.09,0.0005,MMRIC
3312-8_0_2,14,2.59466942,3.4166666666666665,0.0640398628276923,3.49,5.6,-0.09,0.0005,MMRIC
3312-8_0_2,17,5.31590808,7.0,0.1168681622512331,3.49,5.6,-0.09,0.0005,MMRIC
3312-8_0_2,22,7.735129628166971,17.333333333333332,0.32488515776,3.49,5.6,-0.09,0.0005,MMRIC
3312-8_0_2,27,7.183060621460708,13.75,0.2363888706848479,3.49,5.6,-0.09,0.0005,MMRIC
3312-8_0_2,28,1.32897702,1.75,0.0328009053507692,3.49,5.6,-0.09,0.0005,MMRIC
3312-8_0_2,40,2.46810018,3.25,0.0542602181880725,3.49,5.6,-0.09,0.0005,MMRIC
3312-8_0_2,41,3.2908002400000003,4.333333333333333,0.0782854159951157,3.49,5.6,-0.09,0.0005,MMRIC
3312-8_0_2,53,13.279081998671057,32.25,0.5013754424051892,3.49,5.6,-0.09,0.0005,MMRIC
3312-8_0_2,55,13.955027464382123,31.25,0.5217328671930052,3.49,5.6,-0.09,0.0005,MMRIC
3312-8_0_2,59,5.358730546322736,12.0,0.2003454210021139,3.49,5.6,-0.09,0.0005,MMRIC
3312-8_0_2,61,7.151162060000001,9.416666666666666,0.1572155039808255,3.49,5.6,-0.09,0.0005,MMRIC
3312-8_0_2,65,12.093330668203128,27.0,0.5014894200807031,3.49,5.6,-0.09,0.0005,MMRIC
3312-8_0_2,67,10.362487761236842,25.166666666666664,0.3912542212050829,3.49,5.6,-0.09,0.0005,MMRIC
3312-8_0_2,70,27.5325716655218,66.0,0.7903777223663105,3.49,5.6,-0.09,0.0005,MMRIC
3312-8_0_2,77,1.13912316,1.5,0.0250431776252642,3.49,5.6,-0.09,0.0005,MMRIC
3312-8_0_2,81,7.814815380053989,17.5,0.2921704056280829,3.49,5.6,-0.09,0.0005,MMRIC
3312-8_0_2,82,25.75964091433289,61.75,0.7394821872139345,3.49,5.6,-0.09,0.0005,MMRIC
3312-8_0_2,84,7.703175160338932,17.25,0.2879965426905388,3.49,5.6,-0.09,0.0005,MMRIC
3312-8_0_2,87,7.703175160338932,17.25,0.2879965426905388,3.49,5.6,-0.09,0.0005,MMRIC
3312-8_0_2,89,8.82736930005399,18.83333333333333,0.3144310079616512,3.49,5.6,-0.09,0.0005,MMRIC
3312-8_0_2,90,7.814815380053989,17.5,0.2921704056280829,3.49,5.6,-0.09,0.0005,MMRIC
3312-8_0_2,93,5.936815661657724,13.083333333333332,0.2363617367544842,3.49,5.6,-0.09,0.0005,MMRIC
3312-8_0_2,97,7.814815380053989,17.5,0.2921704056280829,3.49,5.6,-0.09,0.0005,MMRIC
3312-8_0_2,108,11.722223070080984,26.25,0.4382556084421244,3.49,5.6,-0.09,0.0005,MMRIC
