osmid,lv_grid,el_dmd,source,x,y,voltage
0,1345-2_0_3,0.20931949434881866,False,2716260.1224837042,1225853.4721189027,0.9904667670129155
2,-1,0.0,False,2716293.4609332695,1225907.0761186215,0.9904838517693588
6,-1,0.0,False,2716410.4091080143,1225791.0615759727,0.9905303237752359
3,-1,0.0,False,2716543.294502536,1225497.3792717725,0.9909573766912185
4,-1,0.0,False,2716428.033815395,1225401.2823326797,0.990896185548026
5,-1,0.0,False,2716861.82948903,1225249.8334030053,0.991850816734841
21,1345-8_0_4,0.339724316005661,False,2716563.952765559,1225522.4143355137,0.9909053651399732
124,1345-5_0_4,0.242499569618994,False,2716432.7241637395,1225360.4091268824,0.9908833485703623
123,-1,0.06972473643509074,False,2716859.8825060152,1225243.9461687787,0.9918502623506662
24,-1,0.0,False,2716932.1045356607,1225248.6571697127,0.9920596514024324
127,1345-6_0_8,0.4084572024392698,False,2716871.4037390016,1225338.3789114605,0.9917798410193972
7,1345-2_1_2,0.07287790441124342,False,2716471.5052187075,1225785.8751611533,0.9905550719192997
13,-1,0.0,False,2716729.7650704915,1225760.6043816255,0.9906967075083727
8,1345-3_0_6,0.4000750868819603,False,2717315.3187124296,1225519.3979926838,0.9938484749755515
9,-1,0.0,False,2717295.796048404,1225478.8478134992,0.9936588448868461
44,-1,0.0,True,2717483.878226222,1226379.2473849768,1.0
10,-1,0.0,False,2717243.852153191,1225414.996953919,0.9933634912712953
11,-1,0.0,False,2717473.982855243,1225426.6327478178,0.9934615627856539
23,1345-9_0_3,0.21433070116684866,False,2717222.763960456,1225369.190448939,0.9933496633467721
18,-1,0.1511390009672497,False,2717510.898390635,1225474.1762430954,0.993403861287023
12,1345-4_0_4,0.2631553409593691,False,2716792.24918866,1225702.5407867776,0.9906528643972743
14,-1,0.0,False,2716570.5709856963,1225528.304077198,0.9908950380082714
22,-1,0.0,False,2716674.076824269,1225567.4181638784,0.9908428228027226
15,1345-7_0_4,0.3081176911938536,False,2717603.6839948925,1225328.117594236,0.9931846307902147
17,-1,0.0,False,2717654.7538682837,1225434.465199629,0.9932314410989357
20,-1,0.0,False,2717763.885026862,1225416.7319697607,0.9931800783926497
19,-1,0.0,False,2718330.1683107642,1224574.9857013088,0.991410871359375
122,1630-125_0_7,0.18749879969717734,False,2718338.5681366324,1224569.826450468,0.9914085044624761
133,1345-5_1_4,0.11450054559211868,False,2717288.931423992,1224955.9955641162,0.9918157414138833
93,-1,0.28805093971288753,False,2717776.472600419,1225409.0973297432,0.9931746466875968
130,1345-1_0_8,0.36780620790954127,False,2716736.7184015443,1225560.5078312815,0.9907975576553775
25,-1,0.0,False,2717275.8187209284,1224965.6335522467,0.9918220271531676
128,-1,0.7977455505179591,False,2717896.2879250348,1227612.668678672,0.9915924059702386
52,-1,0.0,False,2717917.9741416266,1227671.1998908788,0.9916562670958674
42,3312-11_0_4,0.10642613255405858,False,2717645.064433945,1227217.0973040771,0.9953983248506681
43,-1,0.0,False,2717772.648247938,1226963.4674240267,0.996771089095266
103,-1,2.0078046964216187,False,2717877.775721977,1227463.6184233318,0.9929784592985924
125,1345-2_3_1,0.10709796295647905,False,2717307.2417973867,1226479.5853226818,0.9999535701507742
46,3312-4_0_4,0.1562100767093744,False,2719635.821625444,1227646.342719591,0.9909013915466285
47,-1,0.0,False,2719612.954972198,1227636.753151936,0.9909063501559174
100,-1,0.0,False,2718149.281709631,1227897.2441149326,0.9913578590675154
48,3312-7_0_4,0.12613011172358216,False,2717917.381623666,1227253.9167921578,0.9922057045362211
49,-1,0.0,False,2717939.9477836774,1227422.1513822323,0.9922473502497141
50,-1,0.0,False,2717848.876451657,1227553.594181132,0.9927019692581278
102,-1,0.09330625942192736,False,2717837.31378761,1227515.97472934,0.9927811091714989
51,-1,0.0,False,2718056.1855274364,1227732.277648332,0.9914831061910456
98,-1,0.26177860817897236,False,2718091.848172492,1227803.3199023474,0.9914169238646139
129,-1,0.07359323158344656,False,2717378.308274704,1226643.135927492,0.999928190245132
99,-1,0.0,False,2718141.0081107453,1227901.249621675,0.9913624246425621
101,3312-8_0_2,0.14729748933891645,False,2718147.3334708842,1227893.0576923513,0.9913564831189275
104,-1,0.08530772333425363,False,2718123.6031784993,1227843.586842006,0.991350487623699
