P_flex_pu,Q_flex_pu,P_flex_MW,Q_flex_MVAr,Limiting_Constraints
-0.016963605918043773,0.001477831036078285,-1.6963605918043774,0.1477831036078285,BESS_Inverter_Limit (x71) | Line_9_to_45 | Line_45_to_9 | PV_Reactive_Limits (x24) | PV_Active_MIN (x588) | PV_Active_MAX (x24) | PV_Reactive_MAX (x2) | PV_Reactive_MIN (x22) | HeatPump_Active_MAX (x611) | HeatPump_Active_MIN (x163) | BESS_SOC_MAX (x4)
-0.015586074736260024,-0.005447489904203302,-1.5586074736260023,-0.5447489904203302,PV_Reactive_Limits (x57) | BESS_Inverter_Limit (x62) | Line_9_to_45 (x2) | Line_45_to_9 (x2) | PV_Active_MIN (x555) | PV_Active_MAX (x57) | PV_Reactive_MAX (x2) | PV_Reactive_MIN (x55) | HeatPump_Active_MAX (x625) | HeatPump_Active_MIN (x149) | BESS_Reactive_MIN (x6) | BESS_Reactive_MAX | BESS_Active_MIN (x2) | BESS_SOC_MIN (x7) | BESS_SOC_MAX (x5)
-0.010498524132106835,-0.013061547023008754,-1.0498524132106835,-1.3061547023008755,PV_Reactive_Limits (x398) | BESS_Inverter_Limit (x72) | Line_9_to_45 | Line_45_to_9 | PV_Active_MAX (x397) | PV_Reactive_MIN (x397) | PV_Active_MIN (x214) | HeatPump_Active_MAX (x742) | HeatPump_Active_MIN (x32) | BESS_Reactive_MIN (x15) | BESS_SOC_MAX (x4)
-0.010206234190459018,-0.013256813107338235,-1.0206234190459018,-1.3256813107338234,PV_Reactive_Limits (x404) | BESS_Inverter_Limit (x75) | Line_9_to_45 | Line_45_to_9 | PV_Active_MAX (x404) | PV_Reactive_MIN (x404) | PV_Active_MIN (x208) | HeatPump_Active_MAX (x745) | HeatPump_Active_MIN (x29) | BESS_Reactive_MIN (x10)
-0.008928855900664459,-0.013676509143191615,-0.8928855900664459,-1.3676509143191615,PV_Reactive_Limits (x612) | BESS_Inverter_Limit (x75) | Line_9_to_45 | Line_45_to_9 | PV_Active_MAX (x611) | PV_Reactive_MIN (x611) | HeatPump_Active_MAX (x771) | HeatPump_Active_MIN (x4) | BESS_Reactive_MIN (x11)
-0.00770096652956169,-0.013431910727831509,-0.770096652956169,-1.3431910727831509,PV_Reactive_Limits (x551) | BESS_Inverter_Limit (x75) | Line_9_to_45 | Line_45_to_9 | PV_Active_MAX (x550) | PV_Reactive_MIN (x550) | PV_Active_MIN (x61) | HeatPump_Active_MAX (x767) | HeatPump_Active_MIN (x8) | BESS_Reactive_MIN (x6)
-0.007348190383881528,-0.013361615762004515,-0.7348190383881528,-1.3361615762004515,PV_Reactive_Limits (x567) | BESS_Inverter_Limit (x76) | Line_9_to_45 | Line_45_to_9 | PV_Active_MAX (x566) | PV_Reactive_MIN (x566) | PV_Active_MIN (x45) | HeatPump_Active_MAX (x767) | HeatPump_Active_MIN (x7)
-0.005863220340710511,-0.012873352025888588,-0.5863220340710511,-1.2873352025888587,PV_Reactive_Limits (x555) | BESS_Inverter_Limit (x76) | Line_9_to_45 | PV_Active_MAX (x554) | PV_Reactive_MIN (x554) | PV_Active_MIN (x57) | HeatPump_Active_MAX (x701) | HeatPump_Active_MIN (x74)
-0.0021515394644740157,-0.011652675328550736,-0.21515394644740157,-1.1652675328550737,PV_Reactive_Limits (x565) | BESS_Inverter_Limit (x76) | PV_Active_MAX (x564) | PV_Reactive_MIN (x564) | PV_Active_MIN (x47) | HeatPump_Active_MAX (x552) | HeatPump_Active_MIN (x223)
0.002020191642914136,-0.010280370562381878,0.20201916429141362,-1.0280370562381878,PV_Reactive_Limits (x565) | BESS_Inverter_Limit (x76) | PV_Active_MAX (x564) | PV_Reactive_MIN (x564) | PV_Active_MIN (x47) | HeatPump_Active_MIN (x362) | HeatPump_Active_MAX (x413)
0.005470933412264366,-0.009144945668385904,0.5470933412264366,-0.9144945668385904,PV_Reactive_Limits (x555) | BESS_Inverter_Limit (x76) | PV_Active_MAX (x554) | PV_Reactive_MIN (x554) | PV_Active_MIN (x57) | HeatPump_Active_MIN (x504) | HeatPump_Active_MAX (x271)
0.012918171771298559,-0.006694271083745051,1.2918171771298559,-0.669427108374505,PV_Reactive_Limits (x569) | BESS_Inverter_Limit (x69) | PV_Active_MAX (x568) | PV_Reactive_MIN (x568) | PV_Active_MIN (x43) | HeatPump_Active_MIN (x776) | BESS_SOC_MIN (x6)
0.014122358374277298,-0.0058892261137168875,1.4122358374277297,-0.5889226113716888,PV_Reactive_Limits (x612) | BESS_Inverter_Limit (x55) | PV_Active_MAX (x611) | PV_Reactive_MIN (x610) | PV_Reactive_MAX | HeatPump_Active_MIN (x776) | BESS_SOC_MIN (x19)
0.014122359374277298,-0.0018111456180693944,1.4122359374277298,-0.18111456180693944,PV_Reactive_Limits (x417) | BESS_Inverter_Limit (x55) | PV_Active_MAX (x417) | PV_Reactive_MIN (x416) | PV_Active_MIN (x195) | PV_Reactive_MAX | HeatPump_Active_MIN (x776) | BESS_Active_MAX (x2) | BESS_SOC_MIN (x19)
0.014122358374277298,0.012079116059848273,1.4122358374277297,1.2079116059848274,PV_Reactive_Limits (x611) | BESS_Inverter_Limit (x56) | PV_Active_MAX (x611) | PV_Reactive_MIN (x82) | PV_Reactive_MAX (x528) | HeatPump_Active_MIN (x776) | BESS_SOC_MIN (x19)
0.012918171771298288,0.012883527958576677,1.2918171771298288,1.2883527958576677,PV_Reactive_Limits (x578) | BESS_Inverter_Limit (x69) | PV_Active_MAX (x577) | PV_Reactive_MAX (x551) | PV_Reactive_MIN (x26) | PV_Active_MIN (x34) | HeatPump_Active_MIN (x776) | BESS_SOC_MIN (x6)
0.009403752978013713,0.0135817946931887,0.9403752978013713,1.35817946931887,PV_Reactive_Limits (x534) | BESS_Inverter_Limit (x75) | PV_Active_MAX (x533) | PV_Reactive_MAX (x533) | PV_Active_MIN (x78) | HeatPump_Active_MIN (x776) | BESS_Reactive_MAX (x32)
0.005889334184729152,0.012881758882851209,0.5889334184729151,1.2881758882851209,PV_Reactive_Limits (x369) | BESS_Inverter_Limit (x75) | PV_Active_MAX (x368) | PV_Reactive_MAX (x368) | PV_Active_MIN (x243) | HeatPump_Active_MIN (x776) | BESS_Reactive_MAX (x17)
-0.0032088876786492693,0.009889267458378368,-0.3208887678649269,0.9889267458378368,PV_Reactive_Limits (x7) | BESS_Inverter_Limit (x73) | PV_Active_MIN (x605) | PV_Active_MAX (x7) | PV_Reactive_MAX (x2) | PV_Reactive_MIN (x5) | HeatPump_Active_MAX (x193) | HeatPump_Active_MIN (x582) | BESS_Reactive_MAX (x9) | BESS_Reactive_MIN | BESS_SOC_MAX (x2)
-0.007316212356104024,0.008538153160399926,-0.7316212356104024,0.8538153160399926,PV_Reactive_Limits (x7) | BESS_Inverter_Limit (x73) | PV_Active_MIN (x605) | PV_Active_MAX (x7) | PV_Reactive_MAX (x2) | PV_Reactive_MIN (x5) | HeatPump_Active_MAX (x351) | HeatPump_Active_MIN (x424) | BESS_Reactive_MAX (x9) | BESS_Reactive_MIN | BESS_SOC_MAX (x2)
-0.010839599127491342,0.007378825056141361,-1.0839599127491342,0.737882505614136,PV_Reactive_Limits (x6) | BESS_Inverter_Limit (x73) | PV_Active_MIN (x606) | PV_Active_MAX (x6) | PV_Reactive_MAX (x2) | PV_Reactive_MIN (x4) | HeatPump_Active_MAX (x498) | HeatPump_Active_MIN (x277) | BESS_Reactive_MAX (x9) | BESS_Reactive_MIN | BESS_SOC_MAX (x2)
-0.016963604918043773,0.005363602198825198,-1.6963604918043773,0.5363602198825198,BESS_Inverter_Limit (x71) | Line_9_to_45 | Line_45_to_9 | PV_Reactive_Limits (x2) | PV_Active_MIN (x610) | PV_Active_MAX (x2) | PV_Reactive_MAX (x2) | HeatPump_Active_MAX (x699) | HeatPump_Active_MIN (x74) | BESS_SOC_MAX (x4)
