MV_grid,MV_osmid,Nominal_power_kW,Thermal_capacitance_KWh/K,Thermal_conductivity_kW/K,COP,COP_0,COP_1,COP_2,Temperature_profile_name
20_0,8,181.24579699149092,537.3333333333333,6.61377784730006,3.79,6.08,-0.0977,0.000543,LAC
20_0,15,98.67089232,166.83333333333331,2.43532773792,3.49,5.6,-0.09,0.0005,LAC
20_0,18,113.45674032,191.8333333333333,2.4943021091918105,3.49,5.6,-0.09,0.0005,LAC
20_0,23,161.56622851640688,417.58333333333326,4.406735935590348,3.64,5.84,-0.0938499999999999,0.0005215,LAC
20_0,46,67.91632848,114.83333333333331,1.4931139472051758,3.49,5.6,-0.09,0.0005,SLFAMD
20_0,93,99.41018472,168.08333333333331,2.431361128157769,4.12,6.61,-0.106,0.00059,LAC
20_0,122,49.28616,83.33333333333333,1.0835369718470071,3.49,5.6,-0.09,0.0005,MMNAF
20_0,123,44.09281617631579,137.5,1.6648029750477815,3.49,5.6,-0.09,0.0005,LAC
20_0,128,54.85549608,92.75,1.3539059801723077,3.49,5.6,-0.09,0.0005,LAC
20_0,129,231.69423816000003,391.75,5.106827797501981,3.805,6.105,-0.098,0.000545,LAC
20_0,133,42.82967304,72.41666666666666,0.9415936285350496,3.79,6.08,-0.0977,0.000543,LAC
