MV_grid,MV_osmid,Battery_capacity_kWh,Nominal_power_kW,Charging_efficiency,Discharging_efficiency,source_component,source_lv_grid,bess_count
20_0,130,98.70044026591214,39.48017610636485,0.9219544457292888,0.9219544457292888,LV_aggregated,1345-1_0_8,8
20_0,0,37.70883149287141,15.083532597148567,0.921954445729289,0.921954445729289,LV_aggregated,1345-2_0_3,3
20_0,7,18.667462070043875,7.466984828017551,0.9219544457292888,0.9219544457292888,LV_aggregated,1345-2_1_2,2
20_0,8,198.44260194264572,79.37704077705828,0.9219544457292885,0.9219544457292885,LV_aggregated,1345-3_0_6,10
20_0,12,102.60542352488996,41.04216940995598,0.9219544457292888,0.9219544457292888,LV_aggregated,1345-4_0_4,7
20_0,124,62.528080534996505,25.011232213998603,0.9219544457292889,0.9219544457292889,LV_aggregated,1345-5_0_4,4
20_0,133,199.6771303517628,79.87085214070511,0.9219544457292888,0.9219544457292888,LV_aggregated,1345-5_1_4,9
20_0,127,116.1990290353986,46.47961161415943,0.9219544457292886,0.9219544457292886,LV_aggregated,1345-6_0_8,9
20_0,15,46.21800975473836,18.487203901895345,0.9219544457292889,0.9219544457292889,LV_aggregated,1345-7_0_4,3
20_0,21,122.72676612804365,49.09070645121746,0.9219544457292886,0.9219544457292886,LV_aggregated,1345-8_0_4,8
20_0,23,145.5569662256761,58.22278649027042,0.9219544457292886,0.9219544457292886,LV_aggregated,1345-9_0_3,8
20_0,122,65.41424380008554,26.16569752003422,0.9219544457292889,0.9219544457292889,LV_aggregated,1630-125_0_7,4
20_0,42,12.857309054550583,5.142923621820234,0.9219544457292888,0.9219544457292888,LV_aggregated,3312-11_0_4,1
20_0,46,278.02607341243345,111.21042936497341,0.921954445729289,0.921954445729289,LV_aggregated,3312-4_0_4,12
20_0,48,148.67983261550467,59.47193304620186,0.9219544457292886,0.9219544457292886,LV_aggregated,3312-7_0_4,5
20_0,101,183.30265020246785,73.32106008098714,0.9219544457292889,0.9219544457292889,LV_aggregated,3312-8_0_2,8
