MV_grid,MV_osmid,lv_grid,has_lv_connection,baseline_el_dmd_MW,pv_count_mv_direct,pv_p_installed_mv_direct_kW,pv_count_lv_aggregated,pv_p_installed_lv_aggregated_kW,hp_count_mv_direct,hp_nominal_power_mv_direct_kW,hp_thermal_capacitance_mv_direct_kWh_per_K,hp_thermal_conductivity_mv_direct_kW_per_K,hp_count_lv_aggregated,hp_nominal_power_lv_aggregated_kW,hp_thermal_capacitance_lv_aggregated_kWh_per_K,hp_thermal_conductivity_lv_aggregated_kW_per_K,bess_count_mv_direct,bess_capacity_mv_direct_kWh,bess_nominal_power_mv_direct_kW,bess_count_lv_aggregated,bess_capacity_lv_aggregated_kWh,bess_nominal_power_lv_aggregated_kW,pv_count,pv_p_installed_kW,hp_count,hp_nominal_power_kW,hp_thermal_capacitance_kWh_per_K,hp_thermal_conductivity_kW_per_K,bess_count,bess_capacity_kWh,bess_nominal_power_kW
20_0,0,1345-2_0_3,True,0.20931949434881866,0.0,0.0,16.0,164.75670222263645,0.0,0.0,0.0,0.0,19.0,386.4322406946157,897.3333333333333,13.603493741191448,0.0,0.0,0.0,3.0,37.70883149287141,15.083532597148567,16.0,164.75670222263645,19.0,386.4322406946157,897.3333333333333,13.603493741191448,3.0,37.70883149287141,15.083532597148567
20_0,2,-1,False,0.0,0.0,0.0,0.0,0.0,0.0,0.0,0.0,0.0,0.0,0.0,0.0,0.0,0.0,0.0,0.0,0.0,0.0,0.0,0.0,0.0,0.0,0.0,0.0,0.0,0.0,0.0,0.0
20_0,3,-1,False,0.0,0.0,0.0,0.0,0.0,0.0,0.0,0.0,0.0,0.0,0.0,0.0,0.0,0.0,0.0,0.0,0.0,0.0,0.0,0.0,0.0,0.0,0.0,0.0,0.0,0.0,0.0,0.0
20_0,4,-1,False,0.0,0.0,0.0,0.0,0.0,0.0,0.0,0.0,0.0,0.0,0.0,0.0,0.0,0.0,0.0,0.0,0.0,0.0,0.0,0.0,0.0,0.0,0.0,0.0,0.0,0.0,0.0,0.0
20_0,5,-1,False,0.0,0.0,0.0,0.0,0.0,0.0,0.0,0.0,0.0,0.0,0.0,0.0,0.0,0.0,0.0,0.0,0.0,0.0,0.0,0.0,0.0,0.0,0.0,0.0,0.0,0.0,0.0,0.0
20_0,6,-1,False,0.0,0.0,0.0,0.0,0.0,0.0,0.0,0.0,0.0,0.0,0.0,0.0,0.0,0.0,0.0,0.0,0.0,0.0,0.0,0.0,0.0,0.0,0.0,0.0,0.0,0.0,0.0,0.0
20_0,7,1345-2_1_2,True,0.07287790441124342,0.0,0.0,9.0,41.39374491043711,0.0,0.0,0.0,0.0,9.0,102.13195412384948,231.91666666666666,3.6452172149267055,0.0,0.0,0.0,2.0,18.667462070043875,7.466984828017551,9.0,41.39374491043711,9.0,102.13195412384948,231.91666666666666,3.6452172149267055,2.0,18.667462070043875,7.466984828017551
20_0,8,1345-3_0_6,True,0.4000750868819603,1.0,43.95178075513209,25.0,236.1186166297527,0.0,0.0,0.0,0.0,27.0,499.82035833719675,995.6666666666665,16.047580266958796,1.0,109.87945188783024,43.95178075513209,10.0,198.44260194264572,79.37704077705828,26.0,280.0703973848848,27.0,499.82035833719675,995.6666666666665,16.047580266958796,11.0,308.32205383047597,123.32882153219037
20_0,9,-1,False,0.0,0.0,0.0,0.0,0.0,0.0,0.0,0.0,0.0,0.0,0.0,0.0,0.0,0.0,0.0,0.0,0.0,0.0,0.0,0.0,0.0,0.0,0.0,0.0,0.0,0.0,0.0,0.0
20_0,10,-1,False,0.0,0.0,0.0,0.0,0.0,0.0,0.0,0.0,0.0,0.0,0.0,0.0,0.0,0.0,0.0,0.0,0.0,0.0,0.0,0.0,0.0,0.0,0.0,0.0,0.0,0.0,0.0,0.0
20_0,11,-1,False,0.0,0.0,0.0,0.0,0.0,0.0,0.0,0.0,0.0,0.0,0.0,0.0,0.0,0.0,0.0,0.0,0.0,0.0,0.0,0.0,0.0,0.0,0.0,0.0,0.0,0.0,0.0,0.0
20_0,12,1345-4_0_4,True,0.2631553409593691,1.0,54.22633349421763,16.0,112.87205008222875,0.0,0.0,0.0,0.0,28.0,404.358518365603,931.4166666666666,14.34935501859524,0.0,0.0,0.0,7.0,102.60542352488996,41.04216940995598,17.0,167.0983835764464,28.0,404.358518365603,931.4166666666666,14.34935501859524,7.0,102.60542352488996,41.04216940995598
20_0,13,-1,False,0.0,0.0,0.0,0.0,0.0,0.0,0.0,0.0,0.0,0.0,0.0,0.0,0.0,0.0,0.0,0.0,0.0,0.0,0.0,0.0,0.0,0.0,0.0,0.0,0.0,0.0,0.0,0.0
20_0,14,-1,False,0.0,0.0,0.0,0.0,0.0,0.0,0.0,0.0,0.0,0.0,0.0,0.0,0.0,0.0,0.0,0.0,0.0,0.0,0.0,0.0,0.0,0.0,0.0,0.0,0.0,0.0,0.0,0.0
20_0,15,1345-7_0_4,True,0.3081176911938536,0.0,0.0,6.0,54.58972027486281,1.0,126.69580924,166.83333333333331,3.1270196434400006,3.0,36.51841228164163,69.08333333333333,1.22486736158681,0.0,0.0,0.0,3.0,46.21800975473836,18.487203901895345,6.0,54.58972027486281,4.0,163.21422152164163,235.91666666666663,4.351887005026811,3.0,46.21800975473836,18.487203901895345
20_0,17,-1,False,0.0,0.0,0.0,0.0,0.0,0.0,0.0,0.0,0.0,0.0,0.0,0.0,0.0,0.0,0.0,0.0,0.0,0.0,0.0,0.0,0.0,0.0,0.0,0.0,0.0,0.0,0.0,0.0
20_0,18,-1,False,0.1511390009672497,1.0,98.46908841564976,0.0,0.0,1.0,145.68119524,191.8333333333333,3.202744160742128,0.0,0.0,0.0,0.0,0.0,0.0,0.0,0.0,0.0,0.0,1.0,98.46908841564976,1.0,145.68119524,191.8333333333333,3.202744160742128,0.0,0.0,0.0
20_0,19,-1,False,0.0,0.0,0.0,0.0,0.0,0.0,0.0,0.0,0.0,0.0,0.0,0.0,0.0,0.0,0.0,0.0,0.0,0.0,0.0,0.0,0.0,0.0,0.0,0.0,0.0,0.0,0.0,0.0
20_0,20,-1,False,0.0,0.0,0.0,0.0,0.0,0.0,0.0,0.0,0.0,0.0,0.0,0.0,0.0,0.0,0.0,0.0,0.0,0.0,0.0,0.0,0.0,0.0,0.0,0.0,0.0,0.0,0.0,0.0
20_0,21,1345-8_0_4,True,0.339724316005661,0.0,0.0,14.0,75.61175285040662,0.0,0.0,0.0,0.0,16.0,215.59799275353396,483.0833333333333,8.11447266916567,0.0,0.0,0.0,8.0,122.72676612804365,49.09070645121746,14.0,75.61175285040662,16.0,215.59799275353396,483.0833333333333,8.11447266916567,8.0,122.72676612804365,49.09070645121746
20_0,22,-1,False,0.0,0.0,0.0,0.0,0.0,0.0,0.0,0.0,0.0,0.0,0.0,0.0,0.0,0.0,0.0,0.0,0.0,0.0,0.0,0.0,0.0,0.0,0.0,0.0,0.0,0.0,0.0,0.0
20_0,23,1345-9_0_3,True,0.21433070116684866,0.0,0.0,26.0,238.50074676285007,1.0,133.66507330041833,320.41666666666663,3.837124169821293,32.0,383.13638008191384,867.6666666666665,14.271069124407298,0.0,0.0,0.0,8.0,145.5569662256761,58.22278649027042,26.0,238.50074676285007,33.0,516.8014533823322,1188.083333333333,18.10819329422859,8.0,145.5569662256761,58.22278649027042
20_0,24,-1,False,0.0,0.0,0.0,0.0,0.0,0.0,0.0,0.0,0.0,0.0,0.0,0.0,0.0,0.0,0.0,0.0,0.0,0.0,0.0,0.0,0.0,0.0,0.0,0.0,0.0,0.0,0.0,0.0
20_0,25,-1,False,0.0,0.0,0.0,0.0,0.0,0.0,0.0,0.0,0.0,0.0,0.0,0.0,0.0,0.0,0.0,0.0,0.0,0.0,0.0,0.0,0.0,0.0,0.0,0.0,0.0,0.0,0.0,0.0
20_0,42,3312-11_0_4,True,0.10642613255405858,0.0,0.0,5.0,72.75486792882302,0.0,0.0,0.0,0.0,7.0,33.866667586892625,49.33333333333333,0.8325166181979272,0.0,0.0,0.0,1.0,12.857309054550583,5.142923621820234,5.0,72.75486792882302,7.0,33.866667586892625,49.33333333333333,0.8325166181979272,1.0,12.857309054550583,5.142923621820234
20_0,43,-1,False,0.0,0.0,0.0,0.0,0.0,0.0,0.0,0.0,0.0,0.0,0.0,0.0,0.0,0.0,0.0,0.0,0.0,0.0,0.0,0.0,0.0,0.0,0.0,0.0,0.0,0.0,0.0,0.0
20_0,44,-1,False,0.0,0.0,0.0,0.0,0.0,0.0,0.0,0.0,0.0,0.0,0.0,0.0,0.0,0.0,0.0,0.0,0.0,0.0,0.0,0.0,0.0,0.0,0.0,0.0,0.0,0.0,0.0,0.0
20_0,46,3312-4_0_4,True,0.1562100767093744,0.0,0.0,29.0,217.68577741017134,1.0,87.20620636,114.83333333333331,1.917194375978563,44.0,468.7374703885858,1034.8333333333333,17.13070243382566,0.0,0.0,0.0,12.0,278.02607341243345,111.21042936497341,29.0,217.68577741017134,45.0,555.9436767485857,1149.6666666666665,19.047896809804225,12.0,278.02607341243345,111.21042936497341
20_0,47,-1,False,0.0,0.0,0.0,0.0,0.0,0.0,0.0,0.0,0.0,0.0,0.0,0.0,0.0,0.0,0.0,0.0,0.0,0.0,0.0,0.0,0.0,0.0,0.0,0.0,0.0,0.0,0.0,0.0
20_0,48,3312-7_0_4,True,0.12613011172358216,0.0,0.0,22.0,195.67984009249142,0.0,0.0,0.0,0.0,24.0,318.41560781395015,624.3333333333333,9.86269472197014,0.0,0.0,0.0,5.0,148.67983261550467,59.47193304620186,22.0,195.67984009249142,24.0,318.41560781395015,624.3333333333333,9.86269472197014,5.0,148.67983261550467,59.47193304620186
20_0,49,-1,False,0.0,0.0,0.0,0.0,0.0,0.0,0.0,0.0,0.0,0.0,0.0,0.0,0.0,0.0,0.0,0.0,0.0,0.0,0.0,0.0,0.0,0.0,0.0,0.0,0.0,0.0,0.0,0.0
20_0,50,-1,False,0.0,0.0,0.0,0.0,0.0,0.0,0.0,0.0,0.0,0.0,0.0,0.0,0.0,0.0,0.0,0.0,0.0,0.0,0.0,0.0,0.0,0.0,0.0,0.0,0.0,0.0,0.0,0.0
20_0,51,-1,False,0.0,0.0,0.0,0.0,0.0,0.0,0.0,0.0,0.0,0.0,0.0,0.0,0.0,0.0,0.0,0.0,0.0,0.0,0.0,0.0,0.0,0.0,0.0,0.0,0.0,0.0,0.0,0.0
20_0,52,-1,False,0.0,0.0,0.0,0.0,0.0,0.0,0.0,0.0,0.0,0.0,0.0,0.0,0.0,0.0,0.0,0.0,0.0,0.0,0.0,0.0,0.0,0.0,0.0,0.0,0.0,0.0,0.0,0.0
20_0,93,-1,False,0.28805093971288753,0.0,0.0,0.0,0.0,0.0,0.0,0.0,0.0,0.0,0.0,0.0,0.0,0.0,0.0,0.0,0.0,0.0,0.0,0.0,0.0,0.0,0.0,0.0,0.0,0.0,0.0,0.0
20_0,98,-1,False,0.26177860817897236,0.0,0.0,0.0,0.0,0.0,0.0,0.0,0.0,0.0,0.0,0.0,0.0,0.0,0.0,0.0,0.0,0.0,0.0,0.0,0.0,0.0,0.0,0.0,0.0,0.0,0.0,0.0
20_0,99,-1,False,0.0,0.0,0.0,0.0,0.0,0.0,0.0,0.0,0.0,0.0,0.0,0.0,0.0,0.0,0.0,0.0,0.0,0.0,0.0,0.0,0.0,0.0,0.0,0.0,0.0,0.0,0.0,0.0
20_0,100,-1,False,0.0,0.0,0.0,0.0,0.0,0.0,0.0,0.0,0.0,0.0,0.0,0.0,0.0,0.0,0.0,0.0,0.0,0.0,0.0,0.0,0.0,0.0,0.0,0.0,0.0,0.0,0.0,0.0
20_0,101,3312-8_0_2,True,0.14729748933891645,0.0,0.0,25.0,188.71296777401955,0.0,0.0,0.0,0.0,27.0,241.22312375422885,520.6666666666666,8.15700414409133,0.0,0.0,0.0,8.0,183.30265020246785,73.32106008098714,25.0,188.71296777401955,27.0,241.22312375422885,520.6666666666666,8.15700414409133,8.0,183.30265020246785,73.32106008098714
20_0,102,-1,False,0.09330625942192736,0.0,0.0,0.0,0.0,0.0,0.0,0.0,0.0,0.0,0.0,0.0,0.0,0.0,0.0,0.0,0.0,0.0,0.0,0.0,0.0,0.0,0.0,0.0,0.0,0.0,0.0,0.0
20_0,103,-1,False,2.0078046964216187,0.0,0.0,0.0,0.0,0.0,0.0,0.0,0.0,0.0,0.0,0.0,0.0,0.0,0.0,0.0,0.0,0.0,0.0,0.0,0.0,0.0,0.0,0.0,0.0,0.0,0.0,0.0
20_0,104,-1,False,0.08530772333425363,0.0,0.0,0.0,0.0,0.0,0.0,0.0,0.0,0.0,0.0,0.0,0.0,0.0,0.0,0.0,0.0,0.0,0.0,0.0,0.0,0.0,0.0,0.0,0.0,0.0,0.0,0.0
20_0,122,1630-125_0_7,True,0.18749879969717734,1.0,215.1164356819403,19.0,124.93508632813288,1.0,63.28462,83.33333333333333,1.391287645848014,16.0,183.3779569257255,324.16666666666663,5.5190005210537665,0.0,0.0,0.0,4.0,65.41424380008554,26.16569752003422,20.0,340.0515220100732,17.0,246.6625769257255,407.49999999999994,6.910288166901781,4.0,65.41424380008554,26.16569752003422
20_0,123,-1,False,0.06972473643509074,1.0,49.784214467847846,0.0,0.0,1.0,56.61624107960527,137.5,2.137647235060884,0.0,0.0,0.0,0.0,1.0,124.46053616961962,49.784214467847846,0.0,0.0,0.0,1.0,49.784214467847846,1.0,56.61624107960527,137.5,2.137647235060884,1.0,124.46053616961962,49.784214467847846
20_0,124,1345-5_0_4,True,0.242499569618994,0.0,0.0,19.0,164.2108531348505,0.0,0.0,0.0,0.0,32.0,347.4319180683868,693.5833333333333,11.846401643947294,0.0,0.0,0.0,4.0,62.528080534996505,25.011232213998603,19.0,164.2108531348505,32.0,347.4319180683868,693.5833333333333,11.846401643947294,4.0,62.528080534996505,25.011232213998603
20_0,125,1345-2_3_1,True,0.10709796295647905,1.0,57.12209985137346,1.0,10.172787436258988,0.0,0.0,0.0,0.0,0.0,0.0,0.0,0.0,0.0,0.0,0.0,0.0,0.0,0.0,2.0,67.29488728763245,0.0,0.0,0.0,0.0,0.0,0.0,0.0
20_0,127,1345-6_0_8,True,0.4084572024392698,0.0,0.0,25.0,201.03605632435023,0.0,0.0,0.0,0.0,32.0,415.37033740900097,931.4166666666666,15.229047626444538,0.0,0.0,0.0,9.0,116.1990290353986,46.47961161415943,25.0,201.03605632435023,32.0,415.37033740900097,931.4166666666666,15.229047626444538,9.0,116.1990290353986,46.47961161415943
20_0,128,-1,False,0.7977455505179591,0.0,0.0,0.0,0.0,1.0,70.43578206,92.75,1.7384479835907691,0.0,0.0,0.0,0.0,0.0,0.0,0.0,0.0,0.0,0.0,0.0,0.0,1.0,70.43578206,92.75,1.7384479835907691,0.0,0.0,0.0
20_0,129,-1,False,0.07359323158344656,0.0,0.0,0.0,0.0,1.0,180.361167,237.5,3.692299769650617,0.0,0.0,0.0,0.0,0.0,0.0,0.0,0.0,0.0,0.0,0.0,0.0,1.0,180.361167,237.5,3.692299769650617,0.0,0.0,0.0
20_0,130,1345-1_0_8,True,0.36780620790954127,0.0,0.0,22.0,129.5920394340239,0.0,0.0,0.0,0.0,37.0,720.7497956538981,1664.4166666666665,24.44904128475759,0.0,0.0,0.0,8.0,98.70044026591214,39.48017610636485,22.0,129.5920394340239,37.0,720.7497956538981,1664.4166666666665,24.44904128475759,8.0,98.70044026591214,39.48017610636485
20_0,133,1345-5_1_4,True,0.11450054559211868,1.0,89.70155228647256,20.0,140.91162819254546,0.0,0.0,0.0,0.0,27.0,316.51976140274024,701.3333333333333,11.400071004077594,1.0,224.2538807161814,89.70155228647256,9.0,199.6771303517628,79.87085214070511,21.0,230.613180479018,27.0,316.51976140274024,701.3333333333333,11.400071004077594,10.0,423.9310110679442,169.57240442717767
