"RelativePath","Hash"
"06_Grids\20_0_nodes.txt","52391069C21FD6A3C5E10E231A8592941AFB9ACB67E6A9F61E90F5B47F7EB777"
"06_Grids\20_0_edges.txt","F7B700BA23770053EB8F6D62C443DF9338CB71C1DB0E073629503770BB352F70"
"06_Grids\20_0_matpower.xlsx","FC787E0DF97BC9846D29BE3981A7C6B6EB3EA1723F787F30F891476105596080"
"06_Grids\20_0_bus_data.csv","885403271ED2CB37D4190468D439CE66440B73C9990383EF7DBE87FCBDFDA6BB"
"06_Grids\20_0_branch_data.csv","FD9761E3259F74B4C9CC0A5957460A7F6C73120E5FC9D555BC40E136833292F0"
"06_Grids\20_0_grid.xlsx","BE607211EA8B38DF3F29B28A5342682943F95FBC0FC85A79B16CCE8C174070FF"
"outputs\20_0_profiles_mveq_evbase_2030\baseline_demand_by_mv_node.csv","EFB299646D3753EEDCE18D6D0B5168EF540BC1E247EAE9DAC798CF44ADD61D0F"
"outputs\20_0_profiles_mveq_evbase_2030\hp_baseline_by_mv_node.csv","F2653C54E9A0DBBA14A0A58897B99BE13150957A825F3168EF00FC65DE43F608"
"outputs\20_0_profiles_mveq_evbase_2030\pv_generation_by_mv_node.csv","B30F8D91507E525512661EF3A3D3B433200F7BB594203D63CE59FCFDD8366569"
"outputs\20_0_profiles_mveq_evbase_2030\ev_baseline_by_mv_node.csv","9F7ED3E214C3F76751949A5021720AB4B91E61CB2426FEB963B379D958E1623A"
"outputs\20_0_profiles_mveq_evbase_2030\ev_baseline_q_by_mv_node.csv","EB570A6CBF402CDF69DFEE1E62FA40128D332DE537AF1665252BC861451F8F06"
"outputs\20_0_profiles_mveq_evbase_2030\bess_allocation_mveq.csv","F8D329D08D4E3E1C06359315FAD8DC5481EF5DE468944EE6307202EB4B29FFA1"
"outputs\20_0_profiles_mveq_evbase_2030\ffor_inputs\time_columns.csv","92E14DC912639D5FBF61886C99AAF4A23E36CA1C2AD71D3D35976AEA6C740353"
"outputs\20_0_profiles_mveq_evbase_2030\ffor_inputs\temperature_profiles.csv","EC01D0E3BFE655EAB4161E51E491FFCBBF7F19A62BB356D761586555F7A145E2"
"outputs\20_0_profiles_mveq_evbase_2030\ffor_inputs\hp_mv_allocation.csv","79D71420473F6D5B6F7E4719C52C6B70045161CF3B309CB88A58C352AD187F09"
"outputs\20_0_profiles_mveq_evbase_2030\ffor_inputs\hp_lv_allocation.csv","1267FC50A29C6132E9800927B6EF9B5953C02F8210914889AE8EB58431169345"
"outputs\20_0_profiles_mveq_evbase_2030\ffor_inputs\pv_mv_generation.csv","CC21247006167A0DB5B4825E236E70D9CDA3DA85B09C7C87D4184033D53EE9D2"
"outputs\20_0_profiles_mveq_evbase_2030\ffor_inputs\pv_lv_generation.csv","5AAD340AD6877AF9A2220C2DB375D28EE8F84FFF27374CBB563001004B0D9A4E"
"outputs\20_0_profiles_mveq_evbase_2040\baseline_demand_by_mv_node.csv","EFB299646D3753EEDCE18D6D0B5168EF540BC1E247EAE9DAC798CF44ADD61D0F"
"outputs\20_0_profiles_mveq_evbase_2040\hp_baseline_by_mv_node.csv","4382BA9468F7FAF0A53D30ED3EF53CC4C82D423C3210D3D65B5947ECC0479692"
"outputs\20_0_profiles_mveq_evbase_2040\pv_generation_by_mv_node.csv","36DD94FF0D288C3F71E85C2DE0D9482433B28F0ED0A95F383070C418641DBD63"
"outputs\20_0_profiles_mveq_evbase_2040\ev_baseline_by_mv_node.csv","7800BE9295298F4892FD613B6C16123D6172DC6C573EB4958C5E8A542D4498BD"
"outputs\20_0_profiles_mveq_evbase_2040\ev_baseline_q_by_mv_node.csv","3CD38FE342BE318BED19AEF236B28186F5563E4238B62CD875BAAD9E9DF67305"
"outputs\20_0_profiles_mveq_evbase_2040\bess_allocation_mveq.csv","633D8EFE38942006ACA35EFD90C2742B1C0BA768A7140821A6DAF7177739ABE9"
"outputs\20_0_profiles_mveq_evbase_2040\ffor_inputs\time_columns.csv","92E14DC912639D5FBF61886C99AAF4A23E36CA1C2AD71D3D35976AEA6C740353"
"outputs\20_0_profiles_mveq_evbase_2040\ffor_inputs\temperature_profiles.csv","EC01D0E3BFE655EAB4161E51E491FFCBBF7F19A62BB356D761586555F7A145E2"
"outputs\20_0_profiles_mveq_evbase_2040\ffor_inputs\hp_mv_allocation.csv","5D3823EBEA264AC6780292E3EFBAECE5A73175E868529F0829193FD5AA09C63D"
"outputs\20_0_profiles_mveq_evbase_2040\ffor_inputs\hp_lv_allocation.csv","96FAFE1FBF0E0C4E63E4D92F32F118AF8282DA6F2A1BF2E9DEFBA8691B1C88C5"
"outputs\20_0_profiles_mveq_evbase_2040\ffor_inputs\pv_mv_generation.csv","4D5E4E39574DABF7DB61AED90DC4B8AEF1C3D6C7245F1A6875F0275C6BB04108"
"outputs\20_0_profiles_mveq_evbase_2040\ffor_inputs\pv_lv_generation.csv","1D0E0F7AE975164E0B95AC69A185A7AE8F619B17A7D3B2CC94776279D2F45FBF"
"outputs\20_0_profiles_mveq_evbase_2050\baseline_demand_by_mv_node.csv","EFB299646D3753EEDCE18D6D0B5168EF540BC1E247EAE9DAC798CF44ADD61D0F"
"outputs\20_0_profiles_mveq_evbase_2050\hp_baseline_by_mv_node.csv","499386C854A8C62FB68ADC09EC34AF2C92D073A5A9E5C4E4EB8EDB173E9ED63E"
"outputs\20_0_profiles_mveq_evbase_2050\pv_generation_by_mv_node.csv","3373D9D50D7D094FBC0A474829297B45D033C9FDBC1BF9903494B3049B47B669"
"outputs\20_0_profiles_mveq_evbase_2050\ev_baseline_by_mv_node.csv","759EE41927CE7A3F3AAC620751231344DC4FD426485A3A7BB3BC2E479C19002B"
"outputs\20_0_profiles_mveq_evbase_2050\ev_baseline_q_by_mv_node.csv","1D11DD9A29BEAC935F04CE25A8B8C741FE3D44762613F8E481B24B049BFB332E"
"outputs\20_0_profiles_mveq_evbase_2050\bess_allocation_mveq.csv","1D625648560B7EF564B0C3EE516D32C5EB898210D651D90C7B4AB8E018FDCB5E"
"outputs\20_0_profiles_mveq_evbase_2050\ffor_inputs\time_columns.csv","92E14DC912639D5FBF61886C99AAF4A23E36CA1C2AD71D3D35976AEA6C740353"
"outputs\20_0_profiles_mveq_evbase_2050\ffor_inputs\temperature_profiles.csv","EC01D0E3BFE655EAB4161E51E491FFCBBF7F19A62BB356D761586555F7A145E2"
"outputs\20_0_profiles_mveq_evbase_2050\ffor_inputs\hp_mv_allocation.csv","44837794CAB99DCF09EFBFC9E0BAD6D9CAE52370C9BB5BDF68DBF9F819E54B21"
"outputs\20_0_profiles_mveq_evbase_2050\ffor_inputs\hp_lv_allocation.csv","6B54ED29858B71E8CB382582B4E75A17E7D570C14B4BFC6D4462F62355BBD0F5"
"outputs\20_0_profiles_mveq_evbase_2050\ffor_inputs\pv_mv_generation.csv","907F0A9209E290311B4459542ACC4244BC6091B98659DAC00DC2A4697DE29703"
"outputs\20_0_profiles_mveq_evbase_2050\ffor_inputs\pv_lv_generation.csv","AD1629E3228DD18257293890DFAEBD0D603B17C876EB7E54AA2584500C038C1A"
